{"products":[{"id":"0.5076605255059732","qty":2}],"totalPrice":41.97999999999999}